target_audience,core_business_function,deployment_model,pricing_model,integration_depth,compliance_scope,sample_id,product_name,variant
"Sales Operations Analysts, Account Executives, Commercial Directors",Sales,Cloud,Subscription,Extensive,"GDPR, CCPA, HIPAA, SOC 2, ISO/IEC 27001",HAND_01,Salesforce Sales Cloud Enterprise,A
"cross-functional software teams, DevOps engineering departments, IT service desks, and PMO offices",Agile project management,cloud-native,"tiered, per-user monthly subscription",native integration with developer toolchains,"SOC 2 Type II, ISO 27001, and German Federal Office for Info Security (BSI) C5 criteria",HAND_02,Atlassian Jira Enterprise,A
"corporate data architects, enterprise data engineers, BI analysts, and data science teams","centralized data warehouse storage, computing, and analytical processing",multi-cloud,consumption-based utility model,kernel-level hooks into major cloud native storage systems,"FedRAMP High, HIPAA, PCI-DSS Level 1, SOC 1 & 2 Type II, and HITRUST CSF validation",HAND_03,Snowflake Data Cloud,A
"Chief Information Security Officers, SOC analysts, enterprise network administrators, and IT compliance officers","endpoint detection, threat prevention, and automated incident mitigation",hybrid cloud-edge endpoint topology,annual subscription license,kernel-level software sensors,"NIST SP 800-53, FIPS 140-2, PCI-DSS Level 1, HIPAA, GDPR",HAND_04,CrowdStrike Falcon Horizon,A
Global 2000 corporate IT organizations,IT Service Management,private cloud,annual corporate contracts,"native integration with Active Directory, Workday, SAP ERP","ISO 20000, ISO 27001, SOC 2 Type II, FedRAMP Moderate/High",HAND_05,ServiceNow ITSM Pro,A
mid-market scaling businesses and enterprise revenue operations leaders,revenue team alignment,cloud-native software-as-a-service,tiered access models,deep technical extensibility with REST APIs and webhooks,GDPR and CCPA,GEN_01,HubSpot,A
enterprise,customer support,multi-tenant cloud,per-agent monthly subscription,APIs and SDKs,"SOC 2 Type II, ISO 27001, HIPAA",GEN_02,Zendesk,A
"growth product managers, customer success specialists, online sales teams",customer service,cloud SaaS,dynamic,native out-of-the-box data pipelines,enterprise security,GEN_03,Intercom,A
small-to-medium business owners and growing sales teams,sales pipeline management,web browsers and companion mobile apps,flat fee per user per month,REST APIs,standard web security protocols,GEN_04,Pipedrive,A
global enterprise operations groups,relationship management,cloud,per user license,"deep, native hooks",SOC 2,GEN_05,Zoho CRM,A
"multinational corporations, chief financial officers, and global HR directors","global payroll processing, talent lifecycle management, financial consolidation, and predictive workforce analytics",multi-tenant cloud infrastructure,enterprise subscription contracts based on employee headcount and functional modules,"highly structured enterprise interface builders, web services, and integration cloud","Sarbanes-Oxley, GDPR, SOC 1, and SOC 2",GEN_06,Workday,A
large-scale enterprise organizations,enterprise resource planning,"private cloud, public cloud, on-premise","perpetual license, cloud-based subscription",highly sophisticated,"IFRS, defense-grade procurement rules, industrial data sovereignty laws",GEN_07,SAP S/4HANA,A
small-to-medium businesses,human resource management,software-as-a-service,monthly,REST API,SOC 2,GEN_08,BambooHR,A
"operations managers, IT administrators, HR leads",workforce management,cloud,"per-employee, per-month",deep,"SOC 2, ACA, HIPAA",GEN_09,Rippling,A
mid-market companies and startups,financial management,cloud,subscription,highly customizable,GAAP accounting standards,GEN_10,Oracle NetSuite,A
"engineering directors, software architects, and DevOps leads",software development lifecycle management,cloud SaaS and self-hosted,"tiered, monthly per-user fee","deep extensibility via web architecture, webhooks, REST and GraphQL APIs","FedRAMP, SOC 2 Type II, ISO certificates",GEN_11,GitLab,A
"Infrastructure engineers, site reliability teams, application developers",Observability and security,Cloud,Utility-based,Expansive,"SOC 2, HIPAA, ISO 27001",GEN_12,Datadog,A
"Chief information security officers, security analysts, and IT operations centers",Security and Operational Intelligence,Cloud and On-Premise,Volume and Workload-based,Comprehensive,"PCI-DSS, HIPAA, FISMA",GEN_13,Splunk,A
"search engineers, security incident responders, observability teams",search and analytics,cloud service or self-managed,subscription tiers based on resource consumption,deeply embedded in open-source ecosystems with RESTful APIs,SOC 2,GEN_14,Elastic,A
developers,database management,cloud,utility consumption,deep integration,"HIPAA, PCI-DSS, SOC 2 Type II",GEN_15,MongoDB Atlas,A
"Corporate IT directors, internal communication leads, external sales organizations",Communication,Hybrid cloud,Per-user subscription,Comprehensive,"HIPAA, FedRAMP",GEN_16,Zoom Enterprise,A
entire organizational workforces,digital workspace platform,cloud SaaS,per active user,robust app directory with APIs and webhooks,"SOC 2, HIPAA, FINRA",GEN_17,Slack,A
"large-scale financial institutions, global healthcare systems, and government agencies",collaboration,cloud,flexible enterprise agreements,"deep infrastructure control hubs, active directory frameworks, and call-routing systems",federal security baselines and ISO 27001 certifications,GEN_18,Cisco Webex,A
"product managers, UX designers, agile scrum masters",collaborative workspace,cloud-hosted SaaS,tiered seat licensing,deep,SOC 2 Type II,GEN_19,Miro,A
"operations leads, product teams, engineering departments",knowledge management,multi-tenant cloud application,per-seat monthly subscriptions,REST API,SOC 2 security framework,GEN_20,Notion,A
developers,data storage,cloud,consumption utility,deep,"HIPAA, FedRAMP",GEN_21,AWS S3,A
"Enterprise security architects, network administrators, and compliance officers",Identity and Access Management,Cloud-based,Per-user monthly subscription,Deep,"SOC 2, ISO 27001, and federal identity security mandates",GEN_22,Microsoft Entra ID,A
"Chief information officers, security engineering teams, and HR operations specialists",Identity and Access Management,Multi-tenant Cloud Service,Monthly fee per user,Pre-configured API integrations and open developer toolkits,"SOC 2 Type II, FedRAMP, HIPAA",GEN_23,Okta,A
enterprises,identity management,hybrid,subscription,deep,"GDPR, Open Banking",GEN_24,Ping Identity,A
"Systems administrators, security engineering directors, and infrastructure architects","Web security, performance optimization, and intelligent routing",Cloud,Tiered,"Seamless, zero server code modifications","PCI-DSS, SOC 2",GEN_25,Cloudflare,A
