evidence_notes,extracted_dimensions,sample_id,product_name,variant
"{'target_audience': ['Sales Operations Analysts', 'Account Executives', 'Commercial Directors'], 'core_business_function': ['Revenue operations', 'Sales pipeline management', 'Forecasting'], 'deployment_model': ['Multi-tenant cloud-native SaaS'], 'pricing_model': ['Annual contractual seat-based subscription'], 'integration_depth': ['Open REST and SOAP APIs', 'Event-driven architectures', 'AppExchange apps', 'Enterprise ETL pipelines'], 'compliance_scope': ['EU GDPR', 'CCPA', 'HIPAA', 'SOC 2 Type II', 'ISO/IEC 27001', 'Localized data residency']}","{'target_audience': 'Sales Operations Analysts, Account Executives, Commercial Directors', 'core_business_function': 'Revenue operations, Sales pipeline management, Forecasting', 'deployment_model': 'Multi-tenant cloud-native SaaS', 'pricing_model': 'Annual contractual seat-based subscription', 'integration_depth': 'APIs, event-driven, AppExchange, ETL pipelines', 'compliance_scope': 'GDPR, CCPA, HIPAA, SOC 2 Type II, ISO/IEC 27001, Data residency'}",HAND_01,Salesforce Sales Cloud Enterprise,A
"{'target_audience': ['cross-functional software teams', 'DevOps engineering departments', 'IT service desks', 'PMO offices'], 'core_business_function': ['software development', 'Agile project management', 'DevOps', 'IT service management'], 'deployment_model': ['cloud-native', 'hosted by Atlassian on AWS'], 'pricing_model': ['tiered per-user monthly subscription', 'annual contractual commitments', 'volume based pricing discounts'], 'integration_depth': ['native integration with developer toolchains', 'full REST API', 'Atlassian Marketplace plugins'], 'compliance_scope': ['SOC 2 Type II', 'ISO 27001', 'BSI C5']}","{'target_audience': 'cross-functional software teams', 'core_business_function': 'software development', 'deployment_model': 'cloud-native', 'pricing_model': 'tiered per-user subscription', 'integration_depth': 'native developer toolchain and REST API', 'compliance_scope': 'SOC 2 Type II, ISO 27001, BSI C5'}",HAND_02,Atlassian Jira Enterprise,A
"{'target_audience': ['corporate data architects', 'enterprise data engineers', 'BI analysts', 'data science teams'], 'core_business_function': ['centralized data warehouse storage', 'computing', 'analytical processing'], 'deployment_model': ['multi-cloud', 'AWS', 'Azure', 'Google Cloud'], 'pricing_model': ['pure consumption-based utility', 'storage flat rate per compressed TB/month', 'compute per-second billed by Snowflake Credits'], 'integration_depth': ['kernel-level hooks major cloud storage', 'Kafka connectors', 'Python/SQL APIs', 'Spark integration', 'secure data share'], 'compliance_scope': ['FedRAMP High', 'HIPAA', 'PCI-DSS Level 1', 'SOC 1 & 2 Type II', 'HITRUST CSF']}","{'target_audience': 'corporate data architects; enterprise data engineers; BI analysts; data science teams', 'core_business_function': 'centralized data warehouse storage and analytical processing', 'deployment_model': 'multi-cloud (AWS, Azure, Google Cloud)', 'pricing_model': 'consumption-based utility', 'integration_depth': 'kernel-level cloud storage hooks, Kafka connectors, APIs, Spark integration', 'compliance_scope': 'FedRAMP High, HIPAA, PCI-DSS Level 1, SOC 1 & 2 Type II, HITRUST CSF'}",HAND_03,Snowflake Data Cloud,A
"{'target_audience': ['Chief Information Security Officers', 'SOC analysts', 'enterprise network administrators', 'IT compliance officers'], 'core_business_function': ['endpoint detection', 'threat prevention', 'incident mitigation'], 'deployment_model': ['hybrid cloud-edge endpoint topology', 'cloud-native AI analytics engine', 'kernel-level sensors on endpoints'], 'pricing_model': ['annual subscription license', 'per endpoint or cloud workload count', 'scales with add-on modules'], 'integration_depth': ['streams telemetry data to cloud', 'streaming telemetry APIs', 'bi-directional webhooks to SIEM'], 'compliance_scope': ['NIST SP 800-53', 'FIPS 140-2', 'PCI-DSS Level 1', 'HIPAA', 'GDPR data isolation']}","{'target_audience': 'enterprise security and compliance professionals', 'core_business_function': 'endpoint security', 'deployment_model': 'hybrid cloud-edge', 'pricing_model': 'annual subscription per endpoint/workload', 'integration_depth': 'streaming telemetry APIs and webhook SIEM integration', 'compliance_scope': 'NIST, FIPS, PCI-DSS, HIPAA, GDPR'}",HAND_04,CrowdStrike Falcon Horizon,A
"{'target_audience': ['Global 2000 corporate IT organizations', 'corporate CIOs', 'help desk managers', 'asset configuration teams', 'HR/Facilities operations leaders'], 'core_business_function': ['standardizes and automates internal enterprise service delivery', 'drives ITIL framework processes', 'incident logging', 'root-cause problem analysis', 'change management approvals', 'asset life cycles', 'unified Configuration Management Database (CMDB)'], 'deployment_model': ['multi-instance highly isolated private cloud architecture managed by ServiceNow', 'regional data centers', 'dedicated hybrid on-premise cloud configurations for defense and government'], 'pricing_model': ['annual corporate contracts', 'Fulfiller-seat licensing', 'volume-based contract tiers based on employee headcount'], 'integration_depth': ['IntegrationHub with custom Integration Spokes', 'native connectors to Active Directory, Workday, SAP ERP', 'standard REST/JSON APIs', 'JavaScript script blocks', 'LDAP directories'], 'compliance_scope': ['ISO 20000', 'ISO 27001', 'SOC 2 Type II', 'FedRAMP Moderate/High']}","{'target_audience': 'corporate IT organizations', 'core_business_function': 'enterprise IT service management', 'deployment_model': 'private cloud and hybrid on-premise', 'pricing_model': 'annual contracts with fulfiller-seat licensing and volume tiers', 'integration_depth': 'deep integration via IntegrationHub with multiple enterprise systems', 'compliance_scope': 'ISO 20000, ISO 27001, SOC 2 Type II, FedRAMP Moderate/High'}",HAND_05,ServiceNow ITSM Pro,A
"{'target_audience': ['Mid-market scaling businesses', 'Enterprise revenue operations leaders'], 'core_business_function': ['Marketing automation', 'Sales pipeline management', 'Service desk operations', 'Content management'], 'deployment_model': ['Cloud-native', 'Software-as-a-service'], 'pricing_model': ['Flexible tiered access', 'Licensing based on marketing contacts volume', 'Licensing based on active seats'], 'integration_depth': ['Robust REST APIs', 'Webhooks', 'Pre-built marketplace', 'Bi-directional sync with external databases'], 'compliance_scope': ['Single sign-on', 'Advanced field-level permissions', 'GDPR', 'CCPA']}","{'target_audience': 'Mid-market and enterprise revenue teams', 'core_business_function': 'Revenue operations', 'deployment_model': 'Cloud-native SaaS', 'pricing_model': 'Tiered licensing by contacts and seats', 'integration_depth': 'APIs, webhooks, marketplace, bi-directional data sync', 'compliance_scope': 'GDPR, CCPA, SSO, field-level permissions'}",GEN_01,HubSpot,A
"{'target_audience': ['Customer experience managers', 'Support tier-2 agents', 'Operation directors', 'Engineering teams'], 'core_business_function': ['Customer support', 'Customer experience management'], 'deployment_model': ['Multi-tenant cloud'], 'pricing_model': ['Per-agent monthly subscription'], 'integration_depth': ['REST and Core APIs', 'Native SDKs for mobile integration'], 'compliance_scope': ['SOC 2 Type II', 'ISO 27001', 'HIPAA']}","{'target_audience': 'customer experience managers, support agents, operation directors, engineering teams', 'core_business_function': 'customer support', 'deployment_model': 'multi-tenant cloud', 'pricing_model': 'per-agent monthly subscription', 'integration_depth': 'API and SDK integration', 'compliance_scope': 'SOC 2 Type II, ISO 27001, HIPAA'}",GEN_02,Zendesk,A
"{'target_audience': ['Growth product managers', 'Customer success specialists', 'Online sales teams'], 'core_business_function': ['Customer service', 'User engagement', 'Retention maximization'], 'deployment_model': ['Cloud SaaS'], 'pricing_model': ['Dynamic pricing', 'Monthly chatted people metric', 'Seat licenses'], 'integration_depth': ['Native data pipelines', 'Webhooks', 'Integration with web analytics, communication channels, internal databases'], 'compliance_scope': ['Data encryption at rest and in transit', 'Secure TLS protocols', 'Role-based access control']}","{'target_audience': 'growth product managers, customer success specialists, online sales teams', 'core_business_function': 'customer service', 'deployment_model': 'cloud SaaS', 'pricing_model': 'dynamic pricing, base metric plus seat licenses', 'integration_depth': 'native integrations, webhooks', 'compliance_scope': 'encryption, TLS, role-based access control'}",GEN_03,Intercom,A
"{'target_audience': ['sales professionals', 'small-to-medium business owners', 'growing sales teams'], 'core_business_function': ['visual deal tracking', 'activities scheduling', 'sales forecasting'], 'deployment_model': ['web browsers', 'companion mobile apps'], 'pricing_model': ['flat fee per user per month', 'tiered feature levels'], 'integration_depth': ['REST APIs', 'no native enterprise service bus'], 'compliance_scope': ['standard web security protocols', 'HTTPS encryption', 'secure credential hashing']}","{'target_audience': 'sales professionals, SMB owners, growing sales teams', 'core_business_function': 'deal tracking, scheduling, sales forecasting', 'deployment_model': 'web-based with mobile apps', 'pricing_model': 'per user monthly subscription', 'integration_depth': 'REST API based, no ESB', 'compliance_scope': 'standard web security'}",GEN_04,Pipedrive,A
"{'target_audience': ['independent scaling agencies', 'global enterprise operations groups'], 'core_business_function': ['customer relationship management', 'lead scoring', 'territory management', 'sales force automation', 'advanced analytics'], 'deployment_model': ['cloud', 'localized data residency options'], 'pricing_model': ['user license', 'annual contract', 'functionality tiers'], 'integration_depth': ['deep native hooks into office productivity, finance, and HR applications', 'open APIs for external enterprise integration'], 'compliance_scope': ['SOC 2', 'international security standards', 'audit logs for traceability']}","{'target_audience': 'independent agencies and global enterprises', 'core_business_function': 'customer relationship management', 'deployment_model': 'cloud with localized data residency', 'pricing_model': 'user license annual contract', 'integration_depth': 'deep native integrations and open APIs', 'compliance_scope': 'SOC 2 and international security standards'}",GEN_05,Zoho CRM,A
"{'target_audience': ['multinational corporations', 'chief financial officers', 'global HR directors'], 'core_business_function': ['global payroll processing', 'talent lifecycle management', 'financial consolidation', 'predictive workforce analytics'], 'deployment_model': ['multi-tenant cloud infrastructure'], 'pricing_model': ['long-term enterprise subscription contracts', 'pricing based on employee headcount and functional modules'], 'integration_depth': ['enterprise interface builders', 'web services', 'integration cloud', 'connections to banking networks and legacy third-party benefits systems'], 'compliance_scope': ['Sarbanes-Oxley', 'GDPR', 'SOC 1', 'SOC 2']}","{'target_audience': 'multinational corporations', 'core_business_function': 'payroll and workforce management', 'deployment_model': 'multi-tenant cloud', 'pricing_model': 'subscription per employee headcount', 'integration_depth': 'extensive enterprise integrations', 'compliance_scope': 'global financial and data protection regulations'}",GEN_06,Workday,A
"{'target_audience': ['large-scale enterprise organizations', 'supply chain directors', 'corporate controllers'], 'core_business_function': ['material requirements planning', 'global inventory ledgers', 'complex financial settlement processes'], 'deployment_model': ['private cloud', 'public cloud', 'on-premise'], 'pricing_model': ['perpetual license with maintenance', 'cloud-based subscription'], 'integration_depth': ['enterprise service buses', 'RFC protocols', 'OData services', 'specialized integration suites'], 'compliance_scope': ['IFRS', 'defense-grade procurement rules', 'industrial data sovereignty laws']}","{'target_audience': 'large-scale enterprise organizations', 'core_business_function': 'material requirements planning', 'deployment_model': 'private cloud', 'pricing_model': 'perpetual license with maintenance', 'integration_depth': 'enterprise service buses', 'compliance_scope': 'IFRS'}",GEN_07,SAP S/4HANA,A
"{'target_audience': ['small-to-medium businesses', 'HR managers', 'operational personnel'], 'core_business_function': ['human resource management'], 'deployment_model': ['web-based SaaS'], 'pricing_model': ['monthly per active employee', 'flat onboarding fees'], 'integration_depth': ['token-authenticated REST API'], 'compliance_scope': ['SOC 2 compliance']}","{'target_audience': 'small-to-medium businesses', 'core_business_function': 'human resource management', 'deployment_model': 'web-based SaaS', 'pricing_model': 'monthly per active employee', 'integration_depth': 'token-authenticated REST API', 'compliance_scope': 'SOC 2 compliance'}",GEN_08,BambooHR,A
"{'target_audience': ['operations managers', 'IT administrators', 'HR leads'], 'core_business_function': ['workforce management', 'international payroll', 'benefits administration', 'device management', 'application identity provisioning'], 'deployment_model': ['unified cloud platform'], 'pricing_model': ['modular per-employee per-month', 'base fee plus specific module costs'], 'integration_depth': ['deep API integrations', 'automated API wrappers', 'direct interaction with hundreds of SaaS applications'], 'compliance_scope': ['authorized payroll processor', 'ACA reporting', 'SOC 2 compliance', 'HIPAA data handling']}","{'target_audience': 'operations managers, IT administrators, HR leads', 'core_business_function': 'workforce management', 'deployment_model': 'cloud', 'pricing_model': 'modular per-employee per-month', 'integration_depth': 'deep API integrations', 'compliance_scope': 'payroll processing, ACA, SOC 2, HIPAA'}",GEN_09,Rippling,A
"{'target_audience': ['mid-market companies', 'rapidly scaling startups', 'corporate CFOs', 'inventory controllers', 'operations executives'], 'core_business_function': ['financial ledger accounting', 'inventory management', 'e-commerce operations', 'recurring billing'], 'deployment_model': ['cloud-native', 'vendor-managed cloud'], 'pricing_model': ['annual subscription', 'core platform fee', 'optional add-on modules', 'concurrent or named users count'], 'integration_depth': ['customizable scripting languages', 'JavaScript frameworks', 'SOAP and REST web services'], 'compliance_scope': ['GAAP accounting standards', 'automated tax compliance', 'internal controls for financial reporting']}","{'target_audience': 'mid-market companies and startups', 'core_business_function': 'financial accounting and inventory management', 'deployment_model': 'cloud-native vendor-managed', 'pricing_model': 'annual subscription with modules and user count', 'integration_depth': 'highly customizable scripting and web services', 'compliance_scope': 'GAAP and automated tax compliance'}",GEN_10,Oracle NetSuite,A
"{'target_audience': ['engineering directors', 'software architects', 'devops leads'], 'core_business_function': ['devsecops platform', 'source code management', 'issue tracking', 'continuous integration and deployment', 'static application security testing'], 'deployment_model': ['cloud saas', 'self-hosted', 'private cloud', 'bare-metal', 'air-gapped data centers'], 'pricing_model': ['tiered', 'monthly per-user fee'], 'integration_depth': ['web architecture', 'webhooks', 'rest api', 'graphql api'], 'compliance_scope': ['fedramp readiness', 'soc 2 type ii', 'iso certificates']}","{'target_audience': 'engineering directors, software architects, devops leads', 'core_business_function': 'devsecops platform', 'deployment_model': 'cloud saas, self-hosted', 'pricing_model': 'tiered monthly per-user fee', 'integration_depth': 'deep extensibility via web architecture, webhooks, REST and GraphQL APIs', 'compliance_scope': 'fedramp readiness, soc 2 type ii, iso certificates'}",GEN_11,GitLab,A
"{'target_audience': ['infrastructure engineers', 'site reliability teams', 'application developers'], 'core_business_function': ['observability', 'security'], 'deployment_model': ['cloud analytics service', 'hybrid environments'], 'pricing_model': ['granular', 'utility-based', 'consumption metrics'], 'integration_depth': ['hundreds of pre-built integrations', 'native connections to cloud providers, databases, message queues'], 'compliance_scope': ['SOC 2', 'HIPAA', 'ISO 27001']}","{'target_audience': 'infrastructure engineers, site reliability teams, application developers', 'core_business_function': 'observability and security', 'deployment_model': 'cloud analytics service', 'pricing_model': 'granular utility-based consumption', 'integration_depth': 'extensive pre-built native integrations', 'compliance_scope': 'SOC 2, HIPAA, ISO 27001'}",GEN_12,Datadog,A
"{'target_audience': ['enterprise organizations', 'chief information security officers', 'security analysts', 'IT operations centers'], 'core_business_function': ['security and operational intelligence', 'threat detection', 'infrastructure monitoring'], 'deployment_model': ['fully managed cloud service', 'on-premise big data cluster'], 'pricing_model': ['daily data ingestion volume metrics', 'workload-based pricing model'], 'integration_depth': ['universal forwarders', 'API endpoints', 'massive app ecosystem'], 'compliance_scope': ['PCI-DSS', 'HIPAA', 'FISMA']}","{'target_audience': 'enterprise organizations', 'core_business_function': 'security and operational intelligence', 'deployment_model': 'cloud and on-premise', 'pricing_model': 'volume and workload-based', 'integration_depth': 'comprehensive', 'compliance_scope': 'PCI-DSS, HIPAA, FISMA'}",GEN_13,Splunk,A
"{'target_audience': ['search engineers', 'security incident responders', 'observability teams'], 'core_business_function': ['search and analytics engine', 'indexing', 'data analysis'], 'deployment_model': ['managed cloud service', 'self-managed Kubernetes', 'private clouds'], 'pricing_model': ['subscription tiers based on resources'], 'integration_depth': ['deep open-source integration', 'RESTful APIs', 'JSON communication'], 'compliance_scope': ['SOC 2']}","{'target_audience': 'search engineers, security responders, observability teams', 'core_business_function': 'search and analytics', 'deployment_model': 'managed cloud and self-managed', 'pricing_model': 'resource-based subscription', 'integration_depth': 'deep open-source with RESTful APIs', 'compliance_scope': 'SOC 2'}",GEN_14,Elastic,A
"{'target_audience': ['application developers', 'software engineers', 'cloud architects'], 'core_business_function': ['document database', 'transactional web applications', 'real-time analytics engines', 'global mobile backends'], 'deployment_model': ['fully managed cloud service', 'multi-cloud', 'AWS', 'Google Cloud', 'Microsoft Azure'], 'pricing_model': ['utility consumption', 'dynamic scaling based on instance size, storage volume, network data transfer'], 'integration_depth': ['native language drivers', 'programmatic APIs', 'continuous integration pipelines', 'serverless application backends'], 'compliance_scope': ['HIPAA', 'PCI-DSS', 'SOC 2 Type II']}","{'target_audience': 'application developers', 'core_business_function': 'document database', 'deployment_model': 'fully managed cloud service', 'pricing_model': 'utility consumption', 'integration_depth': 'native language drivers and programmatic APIs', 'compliance_scope': 'HIPAA, PCI-DSS, SOC 2 Type II'}",GEN_15,MongoDB Atlas,A
"{'target_audience': ['corporate IT directors', 'internal communication leads', 'external sales organizations'], 'core_business_function': ['video conferencing', 'unified communications', 'enterprise phone systems', 'webinar hosting', 'persistent team chat'], 'deployment_model': ['hybrid cloud', 'globally distributed'], 'pricing_model': ['monthly per-user subscription', 'annual per-user subscription', 'capacity add-ons'], 'integration_depth': ['deep scheduling hooks', 'corporate calendar suites', 'learning management systems', 'enterprise single sign-on'], 'compliance_scope': ['end-to-end encryption', 'HIPAA', 'FedRAMP']}","{'target_audience': 'corporate IT directors', 'core_business_function': 'video conferencing', 'deployment_model': 'hybrid cloud', 'pricing_model': 'per-user subscription', 'integration_depth': 'deep integration', 'compliance_scope': 'HIPAA and FedRAMP'}",GEN_16,Zoom Enterprise,A
"{'target_audience': ['software developers', 'marketing coordinators', 'organizational workforces'], 'core_business_function': ['real-time communications', 'collaborative productivity', 'product launches coordination', 'operational incidents triage', 'business initiatives alignment'], 'deployment_model': ['cloud', 'SaaS'], 'pricing_model': ['active user counts', 'monthly billing', 'annual billing'], 'integration_depth': ['robust app directory', 'rich APIs', 'incoming webhooks', 'operational dashboard'], 'compliance_scope': ['SOC 2', 'HIPAA', 'FINRA']}","{'target_audience': 'organizational workforces', 'core_business_function': 'real-time communications', 'deployment_model': 'cloud SaaS', 'pricing_model': 'active user count billing', 'integration_depth': 'deep with APIs and webhooks', 'compliance_scope': 'SOC 2, HIPAA, FINRA'}",GEN_17,Slack,A
"{'target_audience': ['large-scale financial institutions', 'global healthcare systems', 'government agencies', 'IT executives', 'facility managers', 'enterprise collaboration engineers'], 'core_business_function': ['enterprise collaboration', 'video conferencing', 'cloud calling', 'team messaging', 'interactive polling'], 'deployment_model': ['secure global media cloud', 'private enterprise networks via MPLS routing'], 'pricing_model': ['flexible enterprise agreements', 'named users', 'site-wide usage metrics'], 'integration_depth': ['native integration with infrastructure control hubs', 'active directory', 'call-routing systems', 'open APIs', 'developer SDKs'], 'compliance_scope': ['zero-trust end-to-end encryption', 'localized data residency', 'federal security baselines', 'ISO 27001']}","{'target_audience': 'large enterprises and government agencies', 'core_business_function': 'enterprise collaboration', 'deployment_model': 'cloud and private network hybrid', 'pricing_model': 'enterprise licensing', 'integration_depth': 'deep native and API integration', 'compliance_scope': 'federal and ISO 27001'}",GEN_18,Cisco Webex,A
"{'target_audience': ['product managers', 'UX designers', 'agile scrum masters'], 'core_business_function': ['visual collaboration', 'sprint planning', 'technical dependency mapping', 'strategy document co-creation'], 'deployment_model': ['cloud-hosted SaaS'], 'pricing_model': ['tiered seat licensing', 'monthly fee per user'], 'integration_depth': ['deep integration with project management suites', 'engineering ticket systems', 'enterprise storage repositories', 'custom developer APIs', 'pre-built widgets'], 'compliance_scope': ['SOC 2 Type II']}","{'target_audience': 'product managers, UX designers, agile scrum masters', 'core_business_function': 'visual collaboration', 'deployment_model': 'cloud-hosted SaaS', 'pricing_model': 'tiered seat licensing with monthly fee per user', 'integration_depth': 'deep integration with external suites and APIs', 'compliance_scope': 'SOC 2 Type II'}",GEN_19,Miro,A
"{'target_audience': ['operations leads', 'product teams', 'engineering departments'], 'core_business_function': ['knowledge management', 'custom internal operating systems', 'corporate policy documentation', 'team velocity tracking'], 'deployment_model': ['multi-tenant cloud application'], 'pricing_model': ['per-seat monthly subscriptions'], 'integration_depth': ['bi-directional sync with external databases, code repositories, and communication applications'], 'compliance_scope': ['SOC 2 security framework']}","{'target_audience': 'operations leads, product teams, engineering departments', 'core_business_function': 'knowledge management', 'deployment_model': 'multi-tenant cloud', 'pricing_model': 'per-seat subscription', 'integration_depth': 'bi-directional sync via REST API', 'compliance_scope': 'SOC 2'}",GEN_20,Notion,A
"{'target_audience': ['developers', 'IT organizations', 'cloud architects', 'backup administrators', 'data engineers'], 'core_business_function': ['data storage', 'data protection', 'data lakes', 'cloud-native applications', 'backup systems', 'enterprise archives'], 'deployment_model': ['cloud', 'global cloud architecture'], 'pricing_model': ['consumption utility', 'based on gigabytes stored', 'requests executed', 'network egress bandwidth'], 'integration_depth': ['foundational storage layer', 'REST APIs', 'software development kits'], 'compliance_scope': ['HIPAA', 'FedRAMP', 'global financial data storage mandates']}","{'target_audience': 'developers, IT organizations, cloud architects, backup administrators, data engineers', 'core_business_function': 'data storage and protection', 'deployment_model': 'cloud', 'pricing_model': 'consumption utility', 'integration_depth': 'deep, foundational storage layer with REST APIs and SDKs', 'compliance_scope': 'HIPAA, FedRAMP, global financial mandates'}",GEN_21,AWS S3,A
"{'target_audience': ['enterprise security architects', 'network administrators', 'compliance officers'], 'core_business_function': ['identity and access management', 'authentication', 'user provisioning'], 'deployment_model': ['cloud-based', 'synchronizes with on-premise active directory'], 'pricing_model': ['per-user monthly subscription', 'bundled enterprise productivity licensing'], 'integration_depth': ['deep integration', 'standardized federation protocols', 'SAML', 'OpenID Connect', 'SCIM'], 'compliance_scope': ['SOC 2', 'ISO 27001', 'federal identity security mandates']}","{'target_audience': 'enterprise security architects', 'core_business_function': 'identity and access management', 'deployment_model': 'cloud-based', 'pricing_model': 'per-user monthly subscription', 'integration_depth': 'deep integration', 'compliance_scope': 'SOC 2'}",GEN_22,Microsoft Entra ID,A
"{'target_audience': ['chief information officers', 'security engineering teams', 'HR operations specialists'], 'core_business_function': ['identity management', 'user lifecycle automation', 'application access management'], 'deployment_model': ['multi-tenant cloud service'], 'pricing_model': ['monthly fee per user', 'modular components based pricing'], 'integration_depth': ['thousands of pre-configured API integrations', 'open developer toolkits'], 'compliance_scope': ['SOC 2 Type II', 'FedRAMP', 'HIPAA']}","{'target_audience': 'CIOs, security engineering, HR operations', 'core_business_function': 'identity and access management', 'deployment_model': 'multi-tenant cloud', 'pricing_model': 'per user monthly, modular', 'integration_depth': 'extensive API integrations and developer tools', 'compliance_scope': 'SOC 2 Type II, FedRAMP, HIPAA'}",GEN_23,Okta,A
"{'target_audience': ['large-scale enterprises', 'global banking conglomerates', 'heavily regulated pharmaceutical entities', 'identity access management architects', 'enterprise security officers'], 'core_business_function': ['identity management', 'single sign-on', 'multi-factor authentication', 'directory services', 'risk-based authentication workflows'], 'deployment_model': ['containerized solution within private data centers', 'cloud SaaS infrastructure', 'managed hybrid deployment across global networks'], 'pricing_model': ['user capacity bands', 'cloud subscription models'], 'integration_depth': ['legacy web servers', 'enterprise applications', 'modern identity APIs', 'extensive SDKs', 'standards-based protocols'], 'compliance_scope': ['Open Banking', 'GDPR data regulations', 'high-assurance federal security baselines']}","{'target_audience': 'large-scale enterprises', 'core_business_function': 'identity management', 'deployment_model': 'hybrid containerized and cloud SaaS', 'pricing_model': 'subscription and capacity band licensing', 'integration_depth': 'deep integration with legacy and modern systems', 'compliance_scope': 'financial and federal security regulations'}",GEN_24,Ping Identity,A
"{'target_audience': ['systems administrators', 'security engineering directors', 'infrastructure architects'], 'core_business_function': ['web security', 'performance optimization', 'intelligent routing'], 'deployment_model': ['cloud', 'global edge network'], 'pricing_model': ['tiered', 'flat-rate monthly plans', 'customized enterprise usage agreements'], 'integration_depth': ['seamless', 'zero modifications to server application code', 'REST API', 'automated configuration'], 'compliance_scope': ['data localization controls', 'PCI-DSS', 'SOC 2']}","{'target_audience': 'systems administrators, security engineering directors, infrastructure architects', 'core_business_function': 'web security and performance optimization', 'deployment_model': 'global cloud edge network', 'pricing_model': 'tiered with flat-rate and custom enterprise plans', 'integration_depth': 'seamless with zero code modification and REST API', 'compliance_scope': 'PCI-DSS, SOC 2, data localization controls'}",GEN_25,Cloudflare,A
